<?xml version="1.0" encoding="UTF-8"?>
<!DOCTYPE suite SYSTEM "https://testng.org/testng-1.0.dtd">
<suite thread-count="3" parallel="classes" name="Suite">
  <test name="Test">
	  <parameter name="Browser" value="Chrome"></parameter>
   <classes>
      <class name="task.Task1"/>
      <class name="task.Task2"/>
      <class name="task.Task3"/>
    </classes>
  </test> <!-- Test -->
  
  <test name="Test2">
	  <parameter name="Browser" value="Firefox"></parameter>
    <classes>
      <class name="task.Task1"/>
      <class name="task.Task2"/>
      <class name="task.Task3"/>
    </classes>
  </test> <!-- Test -->
</suite> <!-- Suite -->
